macAddress;timestampInMilliSeconds;lat;lng;type;id
D9:08:60:CC:01:25;1669823534568;47.393059;8.5291609;AppleDevice;1
E0:FF:F1:2F:AC:4E;1669823530236;47.393059;8.5291609;lime-931303658826;2
69:DD:47:E8:0D:2A;1669823538941;47.392994;8.5291488;AppleDevice;3
7E:33:68:2B:86:33;1669823530262;47.393059;8.5291609;AppleDevice;4
0A:E2:CC:E9:2B:A7;1669823531530;47.393059;8.5291609;AppleDevice;5
42:A1:26:1D:B1:2C;1669823531535;47.393059;8.5291609;Chipolo ONE Spot;6
48:9E:97:A7:9C:DB;1669823530150;47.393059;8.5291609;AppleDevice;7
EA:15:3D:95:05:4D;1669823530242;47.393059;8.5291609;Chipolo ONE Spot;8
C2:67:B4:38:01:6E;1669823530908;47.393059;8.5291609;AppleDevice;9
72:ED:6A:08:4F:0C;1669823533876;47.393059;8.5291609;AppleDevice;10
5F:B2:5C:D0:B1:DA;1669823538158;47.392994;8.5291488;AirPods;11
04:05:3A:B3:48:5D;1669823530187;47.393059;8.5291609;AppleDevice;12
EC:A9:07:0C:4E:18;1669823531022;47.393059;8.5291609;AppleDevice;13
11:DC:5D:28:3D:13;1669823531637;47.393059;8.5291609;AppleDevice;14
FA:3B:01:42:6E:FB;1669823531600;47.393059;8.5291609;AppleDevice;15
19:3E:1D:5B:24:D8;1669823538898;47.392994;8.5291488;AppleDevice;16
F5:1C:F8:3A:CD:21;1669823533084;47.393059;8.5291609;AppleDevice;17
00:DC:50:01:71:57;1669823534643;47.393059;8.5291609;Unknown;18
59:6A:CF:0A:06:D8;1669823537509;47.392994;8.5291488;Chipolo ONE Spot;19
6B:9F:51:F6:FD:E3;1669823540324;47.3929344;8.5291701;AppleDevice;20
3E:B5:CC:74:0E:01;1669823533141;47.393059;8.5291609;AppleDevice;21
80:47:86:60:0A:9D;1669823531026;47.393059;8.5291609;Unknown;22
79:B2:B7:28:CA:35;1669823538169;47.392994;8.5291488;Unknown;23
CD:6D:F2:4F:BD:B7;1669823531542;47.393059;8.5291609;AppleDevice;24
7E:B6:16:60:11:4E;1669823531581;47.393059;8.5291609;AirTag;25
11:6C:54:89:22:82;1669823530244;47.393059;8.5291609;AppleDevice;26
31:F0:48:D5:C4:42;1669823540329;47.3929344;8.5291701;AppleDevice;27
50:DE:06:82:10:9F;1669823530889;47.393059;8.5291609;AppleDevice;28
CD:1D:AB:DE:18:85;1669823533073;47.393059;8.5291609;AppleDevice;29
B0:22:7A:AC:42:6D;1669823536782;47.392994;8.5291488;Unknown;30
72:17:A1:4B:93:45;1669823537409;47.392994;8.5291488;AirTag;31
64:44:08:B7:71:01;1669823534557;47.393059;8.5291609;AirPods;32
50:DE:06:82:D8:19;1669823535339;47.392994;8.5291488;AppleDevice;33
F0:70:4F:4F:C3:B5;1669823541886;47.3929344;8.5291701;Unknown;34
28:A4:4B:EB:A2:9C;1669823530163;47.393059;8.5291609;AppleDevice;35
DB:EE:05:2C:9F:97;1669823530922;47.393059;8.5291609;Tile;36
88:C6:26:EA:85:EF;1669823541804;47.3929344;8.5291701;Unknown;37
FA:B4:6A:C4:3B:2F;1669823531537;47.393059;8.5291609;ENVY Photo 6200 series;38
2D:76:B0:84:0E:46;1669823530245;47.393059;8.5291609;AppleDevice;39
D5:C9:08:9F:C5:5E;1669823533063;47.393059;8.5291609;AppleDevice;40
63:68:7C:BC:13:AD;1669823531016;47.393059;8.5291609;AirTag;41
48:1F:A4:90:97:FD;1669823530883;47.393059;8.5291609;AppleDevice;42
6D:30:52:EB:05:95;1669823538931;47.392994;8.5291488;AppleDevice;43
4B:15:10:85:22:BA;1669823535336;47.392994;8.5291488;AppleDevice;44
CD:7C:5E:DA:B4:50;1669823541172;47.3929344;8.5291701;AppleDevice;45
45:E0:09:F7:E4:05;1669823534546;47.393059;8.5291609;AirTag;46
45:8D:8C:04:EB:5E;1669823537422;47.392994;8.5291488;AirPods;47
8E:89:6B:3F:93:D3;1669823530980;47.393059;8.5291609;ES600;48
4A:95:EF:72:CE:A1;1669823531532;47.393059;8.5291609;AirTag;49
28:DF:C9:0C:3F:3C;1669823531543;47.393059;8.5291609;AppleDevice;50
37:44:AF:7D:E4:ED;1669823530877;47.393059;8.5291609;AppleDevice;51
64:E7:D8:3A:FF:E7;1669823534575;47.393059;8.5291609;Unknown;52
7A:CC:D8:01:4A:DF;1669823535311;47.392994;8.5291488;AirPods;53
C0:81:F9:17:63:D5;1669823530170;47.393059;8.5291609;BT-ROUTER;54
10:94:97:02:0A:20;1669823534549;47.393059;8.5291609;Unknown;55
70:8E:32:DB:C8:F1;1669823530210;47.393059;8.5291609;AppleDevice;56
F2:CE:DA:DC:F9:0F;1669823538902;47.392994;8.5291488;AppleDevice;57
D1:2D:13:0C:B7:5E;1669823530189;47.393059;8.5291609;Hue bulb Schlafzimmer;58
33:F9:1B:76:C1:CA;1669823541155;47.3929344;8.5291701;AppleDevice;59
4E:8D:1B:2E:7F:5E;1669823563032;47.3926512;8.5292263;AirTag;60
EA:15:3D:95:05:4D;1669823562335;47.3926512;8.5292263;Chipolo ONE Spot;61
C2:67:B4:38:01:6E;1669823563027;47.3926512;8.5292263;AppleDevice;62
E9:73:6F:45:9A:A9;1669823562365;47.3926512;8.5292263;AppleDevice;63
31:AD:37:ED:D9:B3;1669823560906;47.3926512;8.5292263;AppleDevice;64
EC:81:93:67:56:6E;1669823568157;47.3925717;8.5291658;Unknown;65
64:D2:C4:B5:27:18;1669823563769;47.3925717;8.5291658;AppleDevice;66
44:B4:5C:79:E4:D9;1669823562424;47.3926512;8.5292263;Chipolo ONE Spot;67
F8:9D:D7:39:C1:F1;1669823568150;47.3925717;8.5291658;AirTag;68
2A:12:A7:29:6B:29;1669823571797;47.3924955;8.5291064;AppleDevice;69
54:FB:5C:DC:CA:75;1669823560962;47.3926512;8.5292263;Chipolo ONE Spot;70
88:C6:26:7A:B8:FB;1669823560921;47.3926512;8.5292263;Unknown;71
C0:28:8D:D6:2E:6D;1669823563786;47.3925717;8.5291658;Unknown;72
DE:E1:45:07:BE:38;1669823569557;47.3924955;8.5291064;AppleDevice;73
FE:B3:88:3C:CF:54;1669823568183;47.3925717;8.5291658;AppleDevice;74
ED:47:0F:20:A7:10;1669823562406;47.3926512;8.5292263;AppleDevice;75
00:12:6F:5A:E4:EA;1669823562323;47.3926512;8.5292263;WOBURN II;76
D0:49:13:16:B6:2C;1669823569570;47.3924955;8.5291064;AirPods;77
6B:D9:F1:62:E6:17;1669823560852;47.3926512;8.5292263;AirPods;78
36:8F:96:00:E5:61;1669823563004;47.3926512;8.5292263;AppleDevice;79
67:E1:F3:9D:95:39;1669823571047;47.3924955;8.5291064;Galaxy SmartTag+;80
0C:DF:27:7C:8C:1F;1669823562358;47.3926512;8.5292263;Unknown;81
80:47:86:60:0A:9D;1669823560822;47.3926512;8.5292263;Unknown;82
80:47:86:89:42:03;1669823562381;47.3926512;8.5292263;Unknown;83
24:4B:03:30:19:5C;1669823560880;47.3926512;8.5292263;Unknown;84
24:4B:03:36:E4:43;1669823563036;47.3926512;8.5292263;[TV] UE55JU7080;85
6C:4A:85:23:6E:3E;1669823563048;47.3926512;8.5292263;AppleDevice;86
FC:F1:36:CE:A6:88;1669823562958;47.3926512;8.5292263;Unknown;87
CC:C8:F0:F2:DD:2E;1669823560874;47.3926512;8.5292263;AppleDevice;88
F0:70:4F:4F:C3:B5;1669823562351;47.3926512;8.5292263;Unknown;89
9C:8C:6E:12:38:1C;1669823570418;47.3924955;8.5291064;Unknown;90
72:DC:28:41:2E:B6;1669823570430;47.3924955;8.5291064;AppleDevice;91
4E:DE:F2:09:C9:E0;1669823571098;47.3924955;8.5291064;AppleDevice;92
50:5C:35:B7:20:C0;1669823560209;47.3926512;8.5292263;Chipolo ONE Spot;93
3B:71:16:1C:0E:4A;1669823564509;47.3925717;8.5291658;AppleDevice;94
63:68:7C:BC:13:AD;1669823562315;47.3926512;8.5292263;AirTag;95
2D:76:B0:84:0E:46;1669823560902;47.3926512;8.5292263;AppleDevice;96
EC:A9:07:0A:AA:F8;1669823562347;47.3926512;8.5292263;AppleDevice;97
6A:2E:A0:2F:A8:12;1669823560198;47.3926512;8.5292263;AirTag;98
33:4E:75:4D:8A:E6;1669823570385;47.3924955;8.5291064;Unknown;99
6D:30:52:EB:05:95;1669823569535;47.3924955;8.5291064;Chipolo ONE Spot;100
42:46:50:D4:99:2C;1669823566719;47.3925717;8.5291658;AppleDevice;101
2E:E3:A2:0D:89:E4;1669823562393;47.3926512;8.5292263;AppleDevice;102
7A:CC:D8:01:4A:DF;1669823560890;47.3926512;8.5292263;AirPods;103
27:02:1C:C7:75:B7;1669823560170;47.3926512;8.5292263;AppleDevice;104
65:01:4F:F9:F0:B5;1669823560863;47.3926512;8.5292263;AppleDevice;105
0C:1B:E1:3D:67:29;1669823560187;47.3926512;8.5292263;AppleDevice;106
28:A4:4B:EB:A2:9C;1669823563892;47.3925717;8.5291658;AppleDevice;107
6C:4A:85:01:AA:18;1669823562389;47.3926512;8.5292263;AppleDevice;108
88:C6:26:EA:85:EF;1669823560894;47.3926512;8.5292263;Unknown;109
46:83:47:6A:A1:CE;1669823598747;47.3920447;8.528841;AppleDevice;110
2D:89:13:2F:79:F7;1669823597268;47.3921268;8.5288771;Unknown;111
24:4B:03:36:E4:43;1669823591479;47.3922094;8.528908;[TV] UE55JU7080;112
EC:81:93:67:56:6E;1669823591508;47.3922094;8.528908;Unknown;113
48:3B:EE:08:19:6A;1669823596579;47.3921268;8.5288771;AppleDevice;114
36:8F:96:00:E5:61;1669823592272;47.3922094;8.528908;AppleDevice;115
DC:56:E7:57:BF:DF;1669823600974;47.3920447;8.528841;AppleDevice;116
EC:81:93:6C:26:7F;1669823593687;47.3921268;8.5288771;Unknown;117
E1:DC:78:6C:F8:BE;1669823599476;47.3920447;8.528841;AppleDevice;118
5D:2D:DD:03:75:B6;1669823592940;47.3922094;8.528908;AppleDevice;119
11:30:84:B5:82:EC;1669823592287;47.3922094;8.528908;AppleDevice;120
2A:12:A7:29:6B:29;1669823592301;47.3922094;8.528908;AppleDevice;121
24:4B:03:98:2D:7C;1669823597307;47.3921268;8.5288771;Unknown;122
43:C7:2D:17:89:3B;1669823591517;47.3922094;8.528908;AirTag;123
69:58:E1:8C:C9:3A;1669823595188;47.3921268;8.5288771;AirPods;124
EA:15:3D:95:05:4D;1669823600367;47.3920447;8.528841;Chipolo ONE Spot;125
D0:D0:03:1B:4B:69;1669823596666;47.3921268;8.5288771;[TV] Samsung 7 Series (50);126
00:C3:F4:F7:30:5D;1669823595147;47.3921268;8.5288771;Unknown;127
24:4B:03:30:19:5C;1669823591539;47.3922094;8.528908;Unknown;128
4B:36:2A:52:2C:62;1669823591496;47.3922094;8.528908;AirPods;129
D0:D2:B0:81:75:AB;1669823591525;47.3922094;8.528908;AppleDevice;130
31:86:56:BD:CE:79;1669823595277;47.3921268;8.5288771;AppleDevice;131
6C:4A:85:23:6E:3E;1669823591529;47.3922094;8.528908;AppleDevice;132
E1:C6:B5:CC:C8:1A;1669823593747;47.3921268;8.5288771;AppleDevice;133
FC:F1:36:CE:A6:88;1669823591501;47.3922094;8.528908;Unknown;134
EC:81:93:A9:8F:63;1669823595216;47.3921268;8.5288771;Unknown;135
EC:81:93:15:8A:FE;1669823596633;47.3921268;8.5288771;Unknown;136
C0:43:79:47:DE:88;1669823595990;47.3921268;8.5288771;AppleDevice;137
05:E4:A4:DD:02:84;1669823591523;47.3922094;8.528908;AppleDevice;138
31:9E:9C:DF:D6:D1;1669823591531;47.3922094;8.528908;AppleDevice;139
36:79:25:0E:11:29;1669823599448;47.3920447;8.528841;Unknown;140
C0:28:8D:34:08:23;1669823592958;47.3922094;8.528908;Unknown;141
4E:DE:F2:09:C9:E0;1669823593710;47.3921268;8.5288771;AppleDevice;142
62:73:41:F5:D6:54;1669823597325;47.3921268;8.5288771;Unknown;143
DB:EE:05:2C:9F:97;1669823597338;47.3921268;8.5288771;Tile;144
50:5C:35:B7:20:C0;1669823591527;47.3922094;8.528908;Chipolo ONE Spot;145
56:20:87:B6:2D:4A;1669823598777;47.3920447;8.528841;AppleDevice;146
4A:D3:5B:F7:22:C8;1669823595967;47.3921268;8.5288771;AppleDevice;147
88:C6:26:EB:D6:42;1669823600291;47.3920447;8.528841;Unknown;148
2F:96:47:A7:63:E3;1669823597341;47.3921268;8.5288771;AppleDevice;149
D4:9D:C0:79:7E:EF;1669823595923;47.3921268;8.5288771;[TV] Samsung Q80 Series (55);150
64:D2:C4:E5:B4:88;1669823592211;47.3922094;8.528908;AppleDevice;151
0F:C8:F6:8B:A7:18;1669823597332;47.3921268;8.5288771;Unknown;152
61:C1:BA:69:22:8A;1669823596593;47.3921268;8.5288771;AirTag;153
6B:13:0E:1A:0C:5D;1669823592253;47.3922094;8.528908;AirTag;154
50:DE:06:80:9C:30;1669823593752;47.3921268;8.5288771;AppleDevice;155
2F:B0:66:35:DA:99;1669823592237;47.3922094;8.528908;AppleDevice;156
F3:13:08:00:BB:B5;1669823598807;47.3920447;8.528841;AppleDevice;157
F4:F9:20:E0:A7:F0;1669823595294;47.3921268;8.5288771;AppleDevice;158
2E:E3:A2:0D:89:E4;1669823591520;47.3922094;8.528908;AppleDevice;159
E9:36:52:AC:7F:33;1669823598818;47.3920447;8.528841;AppleDevice;160
B8:BC:5B:A3:B7:9B;1669823600335;47.3920447;8.528841;Unknown;161
1D:24:AB:B6:E5:91;1669823621474;47.3917709;8.5286997;AppleDevice;162
DC:56:E7:57:BF:DF;1669823628764;47.3916055;8.5286352;AppleDevice;163
30:23:00:04:63:58;1669823622852;47.3916854;8.5286706;BS003B;164
EA:15:3D:95:05:4D;1669823624417;47.3916854;8.5286706;Chipolo ONE Spot;165
58:57:86:11:9B:A6;1669823629512;47.3916055;8.5286352;AirPods;166
76:30:16:73:91:AA;1669823626518;47.3916854;8.5286706;AppleDevice;167
14:58:52:A0:D4:C3;1669823620735;47.3917709;8.5286997;Unknown;168
D0:D2:B0:7E:08:8E;1669823626522;47.3916854;8.5286706;AppleDevice;169
D0:3B:56:27:FA:8B;1669823626637;47.3916854;8.5286706;AppleDevice;170
C7:58:1A:C0:10:AB;1669823625855;47.3916854;8.5286706;AppleDevice;171
90:DD:5D:E1:E0:F5;1669823620794;47.3917709;8.5286997;AppleDevice;172
38:01:95:8B:76:FA;1669823626531;47.3916854;8.5286706;Unknown;173
09:74:3D:49:B3:64;1669823626528;47.3916854;8.5286706;AppleDevice;174
EF:68:E0:83:73:FB;1669823629436;47.3916055;8.5286352;AppleDevice;175
43:E7:AD:0F:D2:E6;1669823621528;47.3917709;8.5286997;AirPods;176
67:E1:F3:9D:95:39;1669823624412;47.3916854;8.5286706;Galaxy SmartTag+;177
0F:44:D1:24:88:CD;1669823631685;47.3916055;8.5286352;AppleDevice;178
D0:D0:03:1B:4B:69;1669823624346;47.3916854;8.5286706;[TV] Samsung 7 Series (50);179
24:4B:03:30:19:5C;1669823622105;47.3916854;8.5286706;Unknown;180
E5:BB:9D:EB:7D:65;1669823630207;47.3916055;8.5286352;AppleDevice;181
4D:DB:19:EC:A2:25;1669823629455;47.3916055;8.5286352;AppleDevice;182
36:79:25:0E:11:29;1669823620749;47.3917709;8.5286997;Unknown;183
35:85:A4:69:5C:FA;1669823620758;47.3917709;8.5286997;Unknown;184
5E:FF:8F:76:0F:51;1669823628756;47.3916055;8.5286352;Unknown;185
70:73:CB:E9:2D:25;1669823628710;47.3916055;8.5286352;AppleDevice;186
FB:6B:76:B3:A4:1D;1669823625860;47.3916854;8.5286706;AppleDevice;187
0F:C8:F6:8B:A7:18;1669823620771;47.3917709;8.5286997;Unknown;188
1A:4E:8D:57:9A:3F;1669823627986;47.3916055;8.5286352;Unknown;189
C0:28:8D:FF:14:4D;1669823624400;47.3916854;8.5286706;Unknown;190
3F:96:E6:2B:A8:52;1669823620767;47.3917709;8.5286997;AppleDevice;191
FC:F1:36:CE:A6:88;1669823620779;47.3917709;8.5286997;Unknown;192
14:99:E2:21:B6:2B;1669823622129;47.3916854;8.5286706;AppleDevice;193
DF:88:2B:52:C8:25;1669823629447;47.3916055;8.5286352;AppleDevice;194
75:24:59:B7:E5:F2;1669823625113;47.3916854;8.5286706;AppleDevice;195
5B:CF:8A:C3:0E:F8;1669823624408;47.3916854;8.5286706;AirPods;196
D8:5D:55:33:5C:57;1669823629470;47.3916055;8.5286352;AppleDevice;197
44:FB:F4:94:AD:07;1669823624420;47.3916854;8.5286706;AppleDevice;198
04:A9:BD:08:81:B8;1669823620797;47.3917709;8.5286997;AppleDevice;199
44:6F:66:0D:D8:CB;1669823622868;47.3916854;8.5286706;AirPods;200
2E:A9:03:EC:0E:0A;1669823625132;47.3916854;8.5286706;AppleDevice;201
80:47:86:8B:C6:35;1669823620715;47.3917709;8.5286997;Unknown;202
6D:61:87:4B:E1:84;1669823622873;47.3916854;8.5286706;AppleDevice;203
42:BB:A8:18:C1:57;1669823621434;47.3917709;8.5286997;Unknown;204
64:D2:C4:DF:AA:E5;1669823631676;47.3916055;8.5286352;AppleDevice;205
07:15:8E:3B:72:95;1669823621452;47.3917709;8.5286997;AppleDevice;206
64:81:E6:19:08:A8;1669823629523;47.3916055;8.5286352;Chipolo ONE Spot;207
24:4B:03:36:E4:43;1669823622114;47.3916854;8.5286706;[TV] UE55JU7080;208
4C:06:99:EA:37:1E;1669823622165;47.3916854;8.5286706;AppleDevice;209
F9:EE:B6:AD:01:CA;1669823631702;47.3916055;8.5286352;AppleDevice;210
FB:C2:76:94:43:71;1669823630184;47.3916055;8.5286352;AppleDevice;211
C0:28:8D:47:4E:B7;1669823620784;47.3917709;8.5286997;Unknown;212
5C:C1:D7:51:A0:2D;1669823620789;47.3917709;8.5286997;Unknown;213
FC:03:9F:50:61:BD;1669823631713;47.3916055;8.5286352;Unknown;214
7B:79:AC:6F:E1:78;1669823625845;47.3916854;8.5286706;AirPods;215
4A:D3:5B:F7:22:C8;1669823620777;47.3917709;8.5286997;AppleDevice;216
70:B1:3D:C4:BC:A5;1669823626642;47.3916854;8.5286706;Unknown;217
6C:53:97:7A:15:2D;1669823631709;47.3916055;8.5286352;Chipolo ONE Spot;218
90:DD:5D:D8:C6:0D;1669823625092;47.3916854;8.5286706;AppleDevice;219
51:A7:C6:2D:33:DD;1669823625850;47.3916854;8.5286706;Chipolo ONE Spot;220
F8:9D:D7:39:C1:F1;1669823654327;47.3914205;8.5281992;AirTag;221
76:92:00:A9:70:1F;1669823658570;47.3914714;8.5281105;AppleDevice;222
7B:34:D7:6E:51:1A;1669823660774;47.3914714;8.5281105;AirPods;223
1B:9C:86:08:7F:38;1669823650626;47.3913995;8.5283368;AppleDevice;224
D0:D2:B0:98:4E:B5;1669823650649;47.3913995;8.5283368;AppleDevice;225
00:9D:6B:55:94:C5;1669823653506;47.3914205;8.5281992;bichette;226
F3:33:A2:7C:C2:DE;1669823650692;47.3913995;8.5283368;B4E55332BDE630AEE9;227
74:86:5B:D8:83:DB;1669823651377;47.3913995;8.5283368;AirTag;228
53:5F:89:6F:67:F9;1669823660872;47.3914714;8.5281105;AppleDevice;229
E7:27:A7:56:9A:CD;1669823650633;47.3913995;8.5283368;Essen n;230
70:B1:3D:A4:5B:A3;1669823659418;47.3914714;8.5281105;Unknown;231
02:42:13:14:6D:DF;1669823657963;47.3914714;8.5281105;Unknown;232
56:1D:A6:FA:87:3B;1669823650681;47.3913995;8.5283368;AirPods;233
1A:08:34:41:F7:EE;1669823651386;47.3913995;8.5283368;AppleDevice;234
67:E1:F3:9D:95:39;1669823652068;47.3914205;8.5281992;Galaxy SmartTag+;235
0C:42:B1:6E:07:B1;1669823650706;47.3913995;8.5283368;AppleDevice;236
D6:6B:81:74:0B:00;1669823650600;47.3913995;8.5283368;Essen 3;237
6C:43:67:A2:7C:65;1669823651413;47.3913995;8.5283368;AppleDevice;238
0F:44:D1:24:88:CD;1669823650685;47.3913995;8.5283368;AppleDevice;239
59:E9:BC:87:3D:BB;1669823655753;47.3914205;8.5281992;AppleDevice;240
64:D2:C4:DF:AA:E5;1669823652121;47.3914205;8.5281992;AppleDevice;241
7C:0A:3F:50:EE:A3;1669823655779;47.3914205;8.5281992;Unknown;242
FC:03:9F:50:61:BD;1669823652013;47.3914205;8.5281992;Unknown;243
D1:D6:44:70:91:25;1669823653558;47.3914205;8.5281992;AppleDevice;244
2E:A9:03:EC:0E:0A;1669823650586;47.3913995;8.5283368;AppleDevice;245
49:23:52:E2:1D:A7;1669823652105;47.3914205;8.5281992;Unknown;246
64:93:C3:A0:AA:8D;1669823657960;47.3914714;8.5281105;AppleDevice;247
4A:D3:5B:F7:22:C8;1669823652101;47.3914205;8.5281992;AppleDevice;248
4D:65:91:8D:ED:73;1669823658641;47.3914714;8.5281105;AppleDevice;249
7F:03:0C:48:89:F3;1669823652084;47.3914205;8.5281992;Chipolo ONE Spot;250
3F:F6:A4:0D:2A:C9;1669823650652;47.3913995;8.5283368;Unknown;251
67:A9:DE:F7:A9:8F;1669823658617;47.3914714;8.5281105;AirTag;252
4D:DB:19:EC:A2:25;1669823650665;47.3913995;8.5283368;AppleDevice;253
7E:FF:37:5B:76:06;1669823652093;47.3914205;8.5281992;Chipolo ONE Spot;254
4B:F5:AE:46:37:1F;1669823657969;47.3914714;8.5281105;AirTag;255
98:67:2E:A6:C6:45;1669823653529;47.3914205;8.5281992;Tile;256
59:09:48:1A:A4:2F;1669823652117;47.3914205;8.5281992;AppleDevice;257
28:FF:3C:B5:79:28;1669823657194;47.3914714;8.5281105;AppleDevice;258
51:35:26:B5:B3:D3;1669823650668;47.3913995;8.5283368;Chipolo ONE Spot;259
2F:E5:9B:78:DA:D9;1669823657890;47.3914714;8.5281105;Unknown;260
5F:9A:07:2C:E3:16;1669823651431;47.3913995;8.5283368;AppleDevice;261
22:A3:B9:25:2D:69;1669823654292;47.3914205;8.5281992;Unknown;262
70:73:CB:E9:2D:25;1669823650642;47.3913995;8.5283368;AppleDevice;263
70:56:81:E6:2B:F9;1669823652097;47.3914205;8.5281992;AppleDevice;264
36:63:CE:A8:CF:B2;1669823652089;47.3914205;8.5281992;AppleDevice;265
41:AF:3D:07:04:97;1669823662233;47.3915205;8.5280394;Chipolo ONE Spot;266
68:72:C3:D7:8F:11;1669823660795;47.3914714;8.5281105;Unknown;267
E1:14:DA:5F:1B:5D;1669823654989;47.3914205;8.5281992;AppleDevice;268
2C:02:AB:68:BE:C7;1669823654214;47.3914205;8.5281992;Unknown;269
64:D2:C4:E8:5C:52;1669823652074;47.3914205;8.5281992;Unknown;270
DB:EE:05:2C:9F:97;1669823652027;47.3914205;8.5281992;Tile;271
17:7E:40:9E:CD:FD;1669823651372;47.3913995;8.5283368;AppleDevice;272
09:1D:92:40:FB:7B;1669823650630;47.3913995;8.5283368;AppleDevice;273
0F:C8:F6:8B:A7:18;1669823650671;47.3913995;8.5283368;Unknown;274
79:1D:46:DF:C6:93;1669823652113;47.3914205;8.5281992;AppleDevice;275
50:DE:06:A1:4A:63;1669823651382;47.3913995;8.5283368;AppleDevice;276
EE:2B:BF:F4:1F:09;1669823657957;47.3914714;8.5281105;AppleDevice;277
B9:D7:07:0F:5B:E2;1669823653674;47.3914205;8.5281992;ES600;278
67:1C:C1:4E:7C:D9;1669823661498;47.3915205;8.5280394;AppleDevice;279
75:24:59:B7:E5:F2;1669823650689;47.3913995;8.5283368;AppleDevice;280
6C:35:79:AD:55:5A;1669823654229;47.3914205;8.5281992;Unknown;281
16:CB:19:30:3E:F1;1669823661513;47.3915205;8.5280394;Unknown;282
5B:05:8B:6C:C7:16;1669823659414;47.3914714;8.5281105;AppleDevice;283
16:A8:34:75:E6:2E;1669823651364;47.3913995;8.5283368;AppleDevice;284
F3:33:5E:7B:2C:25;1669823657946;47.3914714;8.5281105;90676467952230A8E9;285
88:C6:26:9C:88:25;1669823650645;47.3913995;8.5283368;Unknown;286
5F:07:2F:8F:14:D3;1669823657253;47.3914714;8.5281105;AppleDevice;287
90:DD:5D:D8:C6:0D;1669823651440;47.3913995;8.5283368;AppleDevice;288
68:F1:50:6A:85:B4;1669823651348;47.3913995;8.5283368;AirTag;289
5B:3E:0D:DF:06:36;1669823657202;47.3914714;8.5281105;AppleDevice;290
3B:18:D9:80:42:A2;1669823658608;47.3914714;8.5281105;AppleDevice;291
70:B1:3D:C4:BC:A5;1669823651390;47.3913995;8.5283368;Unknown;292
DE:57:38:E8:2C:B3;1669823650617;47.3913995;8.5283368;Unknown;293
51:38:BA:A6:D5:A2;1669823653550;47.3914205;8.5281992;AppleDevice;294
D8:99:A7:8A:24:68;1669823655767;47.3914205;8.5281992;AppleDevice;295
EF:05:9A:76:8C:39;1669823650703;47.3913995;8.5283368;AppleDevice;296
27:E2:4A:63:8C:DD;1669823653553;47.3914205;8.5281992;Unknown;297
5F:3A:3B:8A:51:74;1669823661641;47.3915205;8.5280394;AirPods;298
F3:33:AB:98:E6:33;1669823650657;47.3913995;8.5283368;90676467952C30A8E9;299
53:D1:E6:3D:84:3F;1669823654957;47.3914205;8.5281992;AppleDevice;300
9C:20:7B:C1:EA:86;1669823650678;47.3913995;8.5283368;AppleDevice;301
6C:92:13:25:34:96;1669823651333;47.3913995;8.5283368;AppleDevice;302
34:9F:7B:6D:BE:E7;1669823682735;47.3916845;8.5276776;AirTag;303
EC:DC:3B:AE:DB:87;1669823683506;47.3916845;8.5276776;AppleDevice;304
7F:23:2D:D0:02:74;1669823683533;47.3916845;8.5276776;Chipolo ONE Spot;305
54:41:4C:C1:44:12;1669823683486;47.3916845;8.5276776;AppleDevice;306
76:92:00:A9:70:1F;1669823681290;47.3916528;8.5277668;AppleDevice;307
EA:15:3D:95:05:4D;1669823680616;47.3916528;8.5277668;Chipolo ONE Spot;308
27:7D:F6:D9:57:AB;1669823683503;47.3916845;8.5276776;AppleDevice;309
67:54:D4:45:7A:F7;1669823687903;47.391713;8.5275939;AppleDevice;310
E0:9D:13:1B:55:21;1669823691491;47.3917423;8.5275135;Unknown;311
2C:02:AB:68:BE:C7;1669823680547;47.3916528;8.5277668;Unknown;312
F3:33:E9:A2:E3:4B;1669823680557;47.3916528;8.5277668;9067646D747C30A8E9;313
4B:C1:64:B3:F9:97;1669823682740;47.3916845;8.5276776;AppleDevice;314
68:72:C3:D7:8F:11;1669823684248;47.3916845;8.5276776;Unknown;315
D0:D2:B0:98:4E:B5;1669823684257;47.3916845;8.5276776;AppleDevice;316
70:A7:41:9C:3B:B4;1669823680575;47.3916528;8.5277668;U6-LR;317
69:A0:90:DD:FF:F5;1669823680624;47.3916528;8.5277668;AppleDevice;318
F3:33:3E:A2:E1:9C;1669823686309;47.3916845;8.5276776;9067646D742A30A8E9;319
C4:D2:4C:E6:89:00;1669823683451;47.3916845;8.5276776;AppleDevice;320
EC:81:93:2C:3D:B2;1669823687833;47.391713;8.5275939;Unknown;321
5D:45:17:67:51:7C;1669823683475;47.3916845;8.5276776;AirPods;322
3F:F9:C4:91:0B:7C;1669823683548;47.3916845;8.5276776;AppleDevice;323
67:A9:DE:F7:A9:8F;1669823687796;47.391713;8.5275939;AirTag;324
67:E1:F3:9D:95:39;1669823691496;47.3917423;8.5275135;Galaxy SmartTag+;325
2B:C3:FD:07:10:BB;1669823683515;47.3916845;8.5276776;AppleDevice;326
CA:FE:C9:BA:CB:29;1669823687172;47.391713;8.5275939;AppleDevice;327
42:22:F3:52:EC:43;1669823680606;47.3916528;8.5277668;AirPods;328
59:E9:BC:87:3D:BB;1669823687109;47.391713;8.5275939;AppleDevice;329
70:56:81:E6:2B:F9;1669823680619;47.3916528;8.5277668;AppleDevice;330
1A:08:34:41:F7:EE;1669823680631;47.3916528;8.5277668;AppleDevice;331
0C:E4:66:7B:71:61;1669823686338;47.3916845;8.5276776;AppleDevice;332
D0:C2:4E:DB:6B:BF;1669823684875;47.3916845;8.5276776;Unknown;333
0C:42:B1:6E:07:B1;1669823681310;47.3916528;8.5277668;AppleDevice;334
72:8C:61:FC:BC:78;1669823690734;47.391713;8.5275939;AppleDevice;335
49:BF:C1:77:B4:E0;1669823688588;47.391713;8.5275939;AirPods;336
79:2B:A9:F4:63:27;1669823684233;47.3916845;8.5276776;AppleDevice;337
56:C3:5D:74:57:D5;1669823691552;47.3917423;8.5275135;Unknown;338
25:8F:74:EE:22:17;1669823681373;47.3916528;8.5277668;AppleDevice;339
1A:44:FC:58:F1:1D;1669823680640;47.3916528;8.5277668;AppleDevice;340
6B:F9:66:FE:31:43;1669823684237;47.3916845;8.5276776;Chipolo ONE Spot;341
C3:2B:CC:85:14:2A;1669823681277;47.3916528;8.5277668;Desk 5162;342
76:81:5A:07:6F:34;1669823680634;47.3916528;8.5277668;AppleDevice;343
D3:63:74:92:D5:91;1669823684908;47.3916845;8.5276776;AppleDevice;344
BC:7E:8B:A6:BA:B3;1669823682765;47.3916845;8.5276776;Unknown;345
64:D2:C4:E8:5C:52;1669823680637;47.3916528;8.5277668;AppleDevice;346
52:34:D4:04:1C:EB;1669823680643;47.3916528;8.5277668;AppleDevice;347
DB:EE:05:2C:9F:97;1669823687112;47.391713;8.5275939;Tile;348
60:B3:AB:32:C5:BF;1669823684254;47.3916845;8.5276776;AppleDevice;349
F1:A2:07:AB:ED:EE;1669823681294;47.3916528;8.5277668;AppleDevice;350
5B:79:70:44:77:AC;1669823683545;47.3916845;8.5276776;AirPods;351
65:84:31:75:75:D4;1669823690060;47.391713;8.5275939;AppleDevice;352
58:72:C3:53:A1:71;1669823681306;47.3916528;8.5277668;AirTag;353
D1:D6:44:70:91:25;1669823682709;47.3916845;8.5276776;AppleDevice;354
0D:F1:5C:44:8C:CC;1669823683509;47.3916845;8.5276776;Unknown;355
F3:33:2E:A2:E3:8C;1669823681378;47.3916528;8.5277668;9067646D6EEC30A8E9;356
53:57:C6:B4:C4:5E;1669823684228;47.3916845;8.5276776;AppleDevice;357
56:FC:71:38:54:5B;1669823680593;47.3916528;8.5277668;AppleDevice;358
F8:04:2E:D2:CE:B5;1669823690134;47.391713;8.5275939;Unknown;359
F3:33:22:70:A5:52;1669823684195;47.3916845;8.5276776;9067646D78A830A8E9;360
EC:81:93:14:D7:A3;1669823684932;47.3916845;8.5276776;Unknown;361
F4:FE:FB:B0:E3:58;1669823687233;47.391713;8.5275939;Unknown;362
6F:7B:23:49:50:FD;1669823680585;47.3916528;8.5277668;AppleDevice;363
63:FC:C8:B9:41:D1;1669823680627;47.3916528;8.5277668;AirPods;364
C3:6E:BF:AA:84:54;1669823681298;47.3916528;8.5277668;Desk 3876;365
B9:D7:07:0F:5B:E2;1669823681232;47.3916528;8.5277668;ES600;366
5F:C7:8B:12:8C:EF;1669823683556;47.3916845;8.5276776;Chipolo ONE Spot;367
78:05:72:42:15:28;1669823687828;47.391713;8.5275939;Unknown;368
EA:EC:05:A9:DB:56;1669823688479;47.391713;8.5275939;AppleDevice;369
07:51:96:A4:55:3C;1669823680570;47.3916528;8.5277668;AppleDevice;370
F5:6B:4D:45:45:A9;1669823683490;47.3916845;8.5276776;AppleDevice;371
5A:A2:99:1B:A9:26;1669823683501;47.3916845;8.5276776;AppleDevice;372
6C:35:79:AD:55:5A;1669823683494;47.3916845;8.5276776;Unknown;373
5F:07:2F:8F:14:D3;1669823681272;47.3916528;8.5277668;AppleDevice;374
1C:40:D1:F4:EE:AA;1669823680597;47.3916528;8.5277668;Unknown;375
0A:55:FA:D2:AA:6B;1669823680589;47.3916528;8.5277668;AppleDevice;376
68:F1:50:6A:85:B4;1669823683465;47.3916845;8.5276776;AirTag;377
E0:3E:77:F7:D3:F7;1669823690815;47.391713;8.5275939;AppleDevice;378
FB:41:A1:6D:0C:A6;1669823680535;47.3916528;8.5277668;AppleDevice;379
3B:18:D9:80:42:A2;1669823684967;47.3916845;8.5276776;AppleDevice;380
71:03:AD:54:C5:E2;1669823690835;47.391713;8.5275939;AppleDevice;381
70:B1:3D:C4:BC:A5;1669823680514;47.3916528;8.5277668;Unknown;382
DE:57:38:E8:2C:B3;1669823680609;47.3916528;8.5277668;Unknown;383
40:CB:C0:D4:53:F0;1669823686285;47.3916845;8.5276776;AppleDevice;384
E7:A7:E6:3F:45:D9;1669823690791;47.391713;8.5275939;98E782AACB043BADE9;385
4C:18:20:07:A0:1C;1669823687845;47.391713;8.5275939;AppleDevice;386
44:C6:5D:87:FC:4D;1669823682772;47.3916845;8.5276776;AppleDevice;387
F3:33:04:A2:19:A6;1669823690121;47.391713;8.5275939;9067646D7B0230A8E9;388
27:7D:F6:D9:57:AB;1669823719211;47.3918651;8.5270715;AppleDevice;389
D4:9D:C0:85:49:4F;1669823710487;47.3918549;8.5271613;Unknown;390
90:DD:5D:CD:E3:CF;1669823715549;47.3918651;8.5270715;AppleDevice;391
C6:8A:68:16:D6:4F;1669823715518;47.3918651;8.5270715;Unknown;392
0C:E4:66:7B:71:61;1669823710507;47.3918549;8.5271613;AppleDevice;393
3C:28:CD:BE:0F:FE;1669823710478;47.3918549;8.5271613;Unknown;394
F8:9D:D7:39:C1:F1;1669823710458;47.3918549;8.5271613;AirTag;395
67:25:D5:E2:08:C7;1669823710466;47.3918549;8.5271613;Unknown;396
E0:9D:13:1B:55:21;1669823712646;47.3918549;8.5271613;Unknown;397
6C:E8:F5:18:E6:0F;1669823714211;47.3918549;8.5271613;Chipolo ONE Spot;398
37:C4:E7:60:F5:D5;1669823719234;47.3918651;8.5270715;AppleDevice;399
EA:15:3D:95:05:4D;1669823712653;47.3918549;8.5271613;Chipolo ONE Spot;400
67:E1:F3:9D:95:39;1669823719189;47.3918651;8.5270715;Galaxy SmartTag+;401
68:72:C3:D7:8F:11;1669823710435;47.3918549;8.5271613;Unknown;402
76:4E:A1:92:26:E8;1669823713368;47.3918549;8.5271613;AppleDevice;403
D0:C2:4E:DB:6B:BF;1669823710490;47.3918549;8.5271613;Unknown;404
49:BF:C1:77:B4:E0;1669823713445;47.3918549;8.5271613;AirPods;405
1A:44:FC:58:F1:1D;1669823719959;47.3918586;8.5269685;AppleDevice;406
72:8C:61:FC:BC:78;1669823711915;47.3918549;8.5271613;AppleDevice;407
F0:D6:C2:7A:3B:98;1669823714159;47.3918549;8.5271613;AppleDevice;408
56:41:5E:A4:92:02;1669823720026;47.3918586;8.5269685;AppleDevice;409
BC:7E:8B:A6:BA:B3;1669823712655;47.3918549;8.5271613;Unknown;410
50:32:37:C7:D9:3D;1669823714204;47.3918549;8.5271613;AppleDevice;411
F1:99:A1:24:20:F0;1669823721477;47.3918586;8.5269685;Mi Smart Band 6;412
3D:05:F5:7C:72:3A;1669823720681;47.3918586;8.5269685;Unknown;413
6A:E3:F4:8F:49:42;1669823717785;47.3918651;8.5270715;Jabra Evolve2 65;414
EC:81:93:16:CF:5F;1669823719975;47.3918586;8.5269685;Unknown;415
0D:F1:5C:44:8C:CC;1669823713349;47.3918549;8.5271613;Unknown;416
F4:FE:FB:B0:DE:42;1669823710538;47.3918549;8.5271613;Unknown;417
29:FA:49:DA:F2:CA;1669823713334;47.3918549;8.5271613;AppleDevice;418
B9:D7:07:0F:5B:E2;1669823710428;47.3918549;8.5271613;ES600;419
50:32:37:8D:97:7B;1669823719230;47.3918651;8.5270715;AppleDevice;420
59:B9:99:36:B5:D0;1669823717064;47.3918651;8.5270715;AppleDevice;421
34:68:95:1B:04:06;1669823714155;47.3918549;8.5271613;AirTag;422
55:32:85:2E:84:27;1669823720712;47.3918586;8.5269685;AppleDevice;423
F4:FE:FB:B0:E3:58;1669823710441;47.3918549;8.5271613;Unknown;424
65:89:A8:7D:64:6F;1669823745596;47.3919205;8.5265225;AppleDevice;425
F8:3F:51:13:79:F5;1669823752191;47.3919813;8.5263812;Unknown;426
F8:9D:D7:39:C1:F1;1669823742539;47.3918977;8.5265985;AirTag;427
7C:17:6A:4A:51:A0;1669823743456;47.3919205;8.5265225;Unknown;428
28:F0:76:5B:F1:01;1669823741194;47.3918977;8.5265985;AppleDevice;429
C3:DE:DA:EE:DE:F0;1669823747001;47.3919205;8.5265225;AppleDevice;430
EA:15:3D:95:05:4D;1669823744770;47.3919205;8.5265225;Chipolo ONE Spot;431
5A:85:8F:7D:C7:AF;1669823749109;47.3919458;8.5264468;Chipolo ONE Spot;432
73:36:CC:71:2E:1A;1669823741890;47.3918977;8.5265985;AppleDevice;433
0C:E4:66:7B:71:61;1669823741978;47.3918977;8.5265985;AppleDevice;434
67:2D:97:CE:1A:F4;1669823750469;47.3919458;8.5264468;AppleDevice;435
72:B4:32:8B:51:A1;1669823748493;47.3919458;8.5264468;AirTag;436
03:14:70:6A:8D:9F;1669823742535;47.3918977;8.5265985;AppleDevice;437
E1:A1:0A:63:74:69;1669823752041;47.3919458;8.5264468;3C3B58CEB7F73090E9;438
78:DF:17:BF:C2:E1;1669823741192;47.3918977;8.5265985;AppleDevice;439
1C:B3:C9:2E:68:AF;1669823742523;47.3918977;8.5265985;AppleDevice;440
57:80:A8:E5:B6:FC;1669823741941;47.3918977;8.5265985;AppleDevice;441
33:D7:61:CC:3D:92;1669823741934;47.3918977;8.5265985;AppleDevice;442
1C:B3:C9:05:A2:A9;1669823752343;47.3919813;8.5263812;AppleDevice;443
67:E1:F3:9D:95:39;1669823750724;47.3919458;8.5264468;Galaxy SmartTag+;444
D4:9D:C0:BD:6B:17;1669823743384;47.3919205;8.5265225;[TV] DasGr√∂sste;445
49:1E:3E:74:E0:7B;1669823749838;47.3919458;8.5264468;AppleDevice;446
A8:51:AB:0D:BC:11;1669823750592;47.3919458;8.5264468;AppleDevice;447
C0:48:E6:B9:DC:D5;1669823743362;47.3919205;8.5265225;Unknown;448
5B:4D:13:7A:A5:38;1669823750245;47.3919458;8.5264468;Chipolo ONE Spot;449
54:48:E6:4D:A9:22;1669823749126;47.3919458;8.5264468;Unknown;450
56:41:5E:A4:92:02;1669823743396;47.3919205;8.5265225;AppleDevice;451
5E:21:45:28:BB:1C;1669823750449;47.3919458;8.5264468;AppleDevice;452
CB:10:A1:B0:FC:E2;1669823749816;47.3919458;8.5264468;AppleDevice;453
50:32:37:C7:D9:3D;1669823741181;47.3918977;8.5265985;AppleDevice;454
F1:99:A1:24:20:F0;1669823752334;47.3919813;8.5263812;Mi Smart Band 6;455
C0:28:8D:DA:AF:DA;1669823741187;47.3918977;8.5265985;Unknown;456
15:F6:B0:B3:1D:15;1669823749244;47.3919458;8.5264468;AppleDevice;457
BC:7E:8B:FE:46:94;1669823746294;47.3919205;8.5265225;[AV] Samsung Soundbar S61A;458
24:FC:E5:5C:12:11;1669823744828;47.3919205;8.5265225;Unknown;459
EC:81:93:27:6A:6A;1669823745618;47.3919205;8.5265225;Unknown;460
FC:03:9F:11:94:57;1669823741196;47.3918977;8.5265985;Unknown;461
BC:7E:8B:A6:BA:B3;1669823741176;47.3918977;8.5265985;Unknown;462
D5:97:A4:A5:FD:9C;1669823743358;47.3919205;8.5265225;Tile;463
3D:05:F5:7C:72:3A;1669823741142;47.3918977;8.5265985;Unknown;464
61:B3:DF:B9:61:87;1669823744786;47.3919205;8.5265225;AppleDevice;465
EC:81:93:A6:86:AA;1669823751907;47.3919458;8.5264468;Unknown;466
3D:25:E3:97:81:58;1669823750237;47.3919458;8.5264468;AppleDevice;467
90:DD:5D:BA:7D:F0;1669823746995;47.3919205;8.5265225;AppleDevice;468
79:AF:74:F1:53:82;1669823747047;47.3919205;8.5265225;AppleDevice;469
BC:7E:8B:A9:2E:DD;1669823749136;47.3919458;8.5264468;Unknown;470
00:17:B5:6A:A4:98;1669823750676;47.3919458;8.5264468;AppleDevice;471
F4:FE:FB:B0:DE:42;1669823741150;47.3918977;8.5265985;Unknown;472
EF:83:A2:39:6F:3C;1669823752346;47.3919813;8.5263812;AppleDevice;473
41:1E:0F:DF:70:9B;1669823751176;47.3919458;8.5264468;AirPods;474
72:34:72:42:E9:26;1669823744849;47.3919205;8.5265225;AppleDevice;475
2E:82:CA:54:83:0B;1669823741184;47.3918977;8.5265985;AppleDevice;476
F4:FE:FB:B0:E3:58;1669823741158;47.3918977;8.5265985;Unknown;477
B9:D7:07:0F:5B:E2;1669823741166;47.3918977;8.5265985;ES600;478
58:00:15:BC:3E:AB;1669823752059;47.3919458;8.5264468;AppleDevice;479
F3:33:6B:4F:99:24;1669823741951;47.3918977;8.5265985;90676414369833A8E9;480
F2:3C:EF:9F:29:EC;1669823750359;47.3919458;8.5264468;AppleDevice;481
62:5B:58:05:06:F8;1669823745626;47.3919205;8.5265225;AppleDevice;482
CB:A8:D1:9B:50:84;1669823750338;47.3919458;8.5264468;AppleDevice;483
66:48:15:8C:3C:A1;1669823751473;47.3919458;8.5264468;AirTag;484
4F:4F:CB:5A:1F:68;1669823743402;47.3919205;8.5265225;AirTag;485
0A:4E:E3:98:23:D7;1669823746234;47.3919205;8.5265225;AppleDevice;486
EC:81:93:5B:6C:3A;1669823751530;47.3919458;8.5264468;Unknown;487
1B:6D:9F:43:B0:E8;1669823742591;47.3918977;8.5265985;AppleDevice;488
72:E5:3D:3C:79:C3;1669823750454;47.3919458;8.5264468;Unknown;489
6D:34:7D:3D:92:A2;1669823741926;47.3918977;8.5265985;AppleDevice;490
0A:30:AD:29:06:82;1669823744814;47.3919205;8.5265225;AppleDevice;491
D0:D2:B0:81:9A:38;1669823750542;47.3919458;8.5264468;AppleDevice;492
E5:42:A2:34:4D:14;1669823750585;47.3919458;8.5264468;AppleDevice;493
F8:9D:D7:39:C1:F1;1669823778615;47.3922312;8.5260492;AirTag;494
1C:13:E1:B4:48:11;1669823772106;47.3921866;8.5261207;Unknown;495
C8:3D:D7:98:17:DC;1669823772868;47.3921866;8.5261207;AppleDevice;496
76:AA:26:B4:7A:A0;1669823772052;47.3921866;8.5261207;AirTag;497
EA:15:3D:95:05:4D;1669823772756;47.3921866;8.5261207;Chipolo ONE Spot;498
33:D7:61:CC:3D:92;1669823775716;47.3921866;8.5261207;AppleDevice;499
10:40:F3:E5:BE:8C;1669823774955;47.3921866;8.5261207;AppleDevice;500
3F:69:5E:B3:9E:59;1669823780053;47.3922312;8.5260492;AppleDevice;501
04:19:E8:BD:C7:A3;1669823772129;47.3921866;8.5261207;AppleDevice;502
F4:41:B3:4C:4F:81;1669823772145;47.3921866;8.5261207;AppleDevice;503
67:2D:97:CE:1A:F4;1669823772775;47.3921866;8.5261207;AppleDevice;504
D0:D2:B0:9A:F6:35;1669823772069;47.3921866;8.5261207;AppleDevice;505
90:DD:5D:B4:65:DE;1669823780141;47.3922312;8.5260492;AppleDevice;506
44:5C:E9:C9:69:8F;1669823773579;47.3921866;8.5261207;Unknown;507
D0:03:DF:A7:5F:5F;1669823776404;47.3922312;8.5260492;Unknown;508
54:48:E6:4D:A9:22;1669823771388;47.3921866;8.5261207;Unknown;509
7E:42:D8:0E:1C:D4;1669823772809;47.3921866;8.5261207;Galaxy SmartTag+;510
6B:5E:FE:C8:72:33;1669823778589;47.3922312;8.5260492;Chipolo ONE Spot;511
E0:93:4A:1E:D5:38;1669823772124;47.3921866;8.5261207;RS#211;512
1C:B3:C9:05:A2:A9;1669823771334;47.3921866;8.5261207;AppleDevice;513
06:D7:A1:43:07:48;1669823774958;47.3921866;8.5261207;AppleDevice;514
49:1E:3E:74:E0:7B;1669823774930;47.3921866;8.5261207;AppleDevice;515
EC:81:93:26:66:E5;1669823776492;47.3922312;8.5260492;Unknown;516
56:6A:9C:8A:8F:47;1669823775721;47.3921866;8.5261207;AirPods;517
1D:E4:20:07:6C:C8;1669823772084;47.3921866;8.5261207;AppleDevice;518
6C:19:08:41:F7:0C;1669823775696;47.3921866;8.5261207;AppleDevice;519
33:85:7C:B9:D9:87;1669823777201;47.3922312;8.5260492;Unknown;520
64:E7:D8:43:F9:DD;1669823773488;47.3921866;8.5261207;Unknown;521
54:75:87:11:5C:48;1669823774952;47.3921866;8.5261207;AppleDevice;522
BC:7E:8B:A6:BA:B3;1669823772078;47.3921866;8.5261207;Unknown;523
50:DE:06:89:6F:1A;1669823777211;47.3922312;8.5260492;AppleDevice;524
FC:8F:90:2A:72:A7;1669823782239;47.3922813;8.525995;Unknown;525
15:F6:B0:B3:1D:15;1669823771378;47.3921866;8.5261207;AppleDevice;526
DB:EE:05:2C:9F:97;1669823780836;47.3922312;8.5260492;Tile;527
61:B3:DF:B9:61:87;1669823772131;47.3921866;8.5261207;AppleDevice;528
F1:99:A1:24:20:F0;1669823782250;47.3922813;8.525995;Mi Smart Band 6;529
3D:25:E3:97:81:58;1669823773495;47.3921866;8.5261207;AppleDevice;530
90:DD:5D:D4:B8:C0;1669823774935;47.3921866;8.5261207;AppleDevice;531
BC:7E:8B:A9:2E:DD;1669823771411;47.3921866;8.5261207;Unknown;532
90:DD:5D:BA:7D:F0;1669823775711;47.3921866;8.5261207;AppleDevice;533
1C:0E:D0:0C:D4:BB;1669823775686;47.3921866;8.5261207;Unknown;534
E7:E7:12:F8:A7:EA;1669823779331;47.3922312;8.5260492;846B21EA14EA33A3E9;535
C0:23:8D:DA:6C:08;1669823772814;47.3921866;8.5261207;Unknown;536
D7:9C:88:C6:DA:29;1669823777208;47.3922312;8.5260492;AppleDevice;537
24:FC:E5:82:8A:09;1669823774946;47.3921866;8.5261207;Unknown;538
4A:1F:19:C6:50:89;1669823775724;47.3921866;8.5261207;Unknown;539
B0:D2:78:88:30:12;1669823777197;47.3922312;8.5260492;AirPods;540
EC:81:93:26:85:3A;1669823772074;47.3921866;8.5261207;Unknown;541
4E:16:CF:77:92:63;1669823778638;47.3922312;8.5260492;AirTag;542
5D:1D:85:15:07:26;1669823780820;47.3922312;8.5260492;AppleDevice;543
ED:ED:E6:42:52:A4;1669823775700;47.3921866;8.5261207;98E7828B33B83096E9;544
04:4B:ED:A8:B4:08;1669823778664;47.3922312;8.5260492;AppleDevice;545
0F:8C:8A:6E:35:2A;1669823774940;47.3921866;8.5261207;Unknown;546
D0:D2:B0:7E:F7:84;1669823772062;47.3921866;8.5261207;AppleDevice;547
B9:D7:07:0F:5B:E2;1669823778686;47.3922312;8.5260492;ES600;548
F8:04:2E:C2:A3:6D;1669823772728;47.3921866;8.5261207;Unknown;549
D6:EC:85:20:3D:71;1669823772787;47.3921866;8.5261207;AppleDevice;550
CC:D2:81:76:D9:AB;1669823771384;47.3921866;8.5261207;AppleDevice;551
3F:3B:5C:06:74:DD;1669823779336;47.3922312;8.5260492;AppleDevice;552
C0:28:8D:96:F3:D3;1669823773600;47.3921866;8.5261207;Unknown;553
0A:4E:E3:98:23:D7;1669823771406;47.3921866;8.5261207;AppleDevice;554
4B:EA:A6:51:9E:7C;1669823780824;47.3922312;8.5260492;AppleDevice;555
1B:B3:F1:71:9D:B8;1669823780828;47.3922312;8.5260492;Unknown;556
1B:06:B4:04:CB:6A;1669823771394;47.3921866;8.5261207;Unknown;557
2A:68:DF:CB:76:25;1669823772080;47.3921866;8.5261207;Unknown;558
17:C5:36:B9:BF:0F;1669823773493;47.3921866;8.5261207;AppleDevice;559
51:8F:A1:A5:97:95;1669823772118;47.3921866;8.5261207;AppleDevice;560
FE:43:B6:EB:12:57;1669823806354;47.392321;8.5259864;AppleDevice;561
F8:9D:D7:39:C1:F1;1669823802730;47.392321;8.5259864;AirTag;562
1C:13:E1:B4:48:11;1669823800604;47.392321;8.5259864;Unknown;563
33:D7:61:CC:3D:92;1669823804160;47.392321;8.5259864;AppleDevice;564
F3:33:48:DE:B3:96;1669823803487;47.392321;8.5259864;846B217D0E2433A8E9;565
10:40:F3:E5:BE:8C;1669823802766;47.392321;8.5259864;AppleDevice;566
3F:69:5E:B3:9E:59;1669823800610;47.392321;8.5259864;AppleDevice;567
10:94:97:0C:C0:6D;1669823801225;47.392321;8.5259864;Unknown;568
04:19:E8:BD:C7:A3;1669823800614;47.392321;8.5259864;AppleDevice;569
51:D8:FF:E9:51:3C;1669823801305;47.392321;8.5259864;Chipolo ONE Spot;570
D0:D2:B0:9A:F6:35;1669823809948;47.3923124;8.5258877;AppleDevice;571
90:DD:5D:B4:65:DE;1669823802709;47.392321;8.5259864;AppleDevice;572
6F:7E:7B:FC:EE:65;1669823806341;47.392321;8.5259864;AirPods;573
44:5C:E9:C9:69:8F;1669823804188;47.392321;8.5259864;Unknown;574
7E:42:D8:0E:1C:D4;1669823812326;47.3923159;8.525876;Galaxy SmartTag+;575
6B:5E:FE:C8:72:33;1669823804909;47.392321;8.5259864;Chipolo ONE Spot;576
1C:B3:C9:05:A2:A9;1669823803538;47.392321;8.5259864;AppleDevice;577
06:D7:A1:43:07:48;1669823808518;47.3923124;8.5258877;AppleDevice;578
56:6A:9C:8A:8F:47;1669823801290;47.392321;8.5259864;AirPods;579
EC:81:93:26:66:E5;1669823800600;47.392321;8.5259864;Unknown;580
6C:19:08:41:F7:0C;1669823803475;47.392321;8.5259864;AppleDevice;581
3E:2D:98:5A:3A:48;1669823802743;47.392321;8.5259864;AppleDevice;582
33:85:7C:B9:D9:87;1669823804173;47.392321;8.5259864;Unknown;583
54:75:87:11:5C:48;1669823801277;47.392321;8.5259864;AppleDevice;584
BC:7E:8B:A6:BA:B3;1669823800596;47.392321;8.5259864;Unknown;585
15:F6:B0:B3:1D:15;1669823804167;47.392321;8.5259864;AppleDevice;586
D4:2D:B8:5F:26:9E;1669823810014;47.3923124;8.5258877;AppleDevice;587
F1:99:A1:24:20:F0;1669823803525;47.392321;8.5259864;Mi Smart Band 6;588
DB:EE:05:2C:9F:97;1669823804264;47.392321;8.5259864;Tile;589
3D:25:E3:97:81:58;1669823802819;47.392321;8.5259864;AppleDevice;590
90:DD:5D:D4:B8:C0;1669823803482;47.392321;8.5259864;AppleDevice;591
BC:7E:8B:A9:2E:DD;1669823800567;47.392321;8.5259864;Unknown;592
90:DD:5D:BA:7D:F0;1669823807932;47.3923124;8.5258877;AppleDevice;593
E7:E7:12:F8:A7:EA;1669823804207;47.392321;8.5259864;846B21EA14EA33A3E9;594
C0:23:8D:DA:6C:08;1669823800611;47.392321;8.5259864;Unknown;595
D7:9C:88:C6:DA:29;1669823801272;47.392321;8.5259864;AppleDevice;596
24:FC:E5:82:8A:09;1669823804194;47.392321;8.5259864;Unknown;597
54:81:B7:8E:77:66;1669823807147;47.3923124;8.5258877;AirTag;598
4A:1F:19:C6:50:89;1669823806399;47.392321;8.5259864;Unknown;599
EC:81:93:26:85:3A;1669823800548;47.392321;8.5259864;Unknown;600
4E:16:CF:77:92:63;1669823800588;47.392321;8.5259864;AirTag;601
5D:1D:85:15:07:26;1669823801169;47.392321;8.5259864;AppleDevice;602
04:4B:ED:A8:B4:08;1669823801163;47.392321;8.5259864;AppleDevice;603
55:EC:B6:BE:80:F7;1669823802799;47.392321;8.5259864;AppleDevice;604
D0:D2:B0:7E:F7:84;1669823804257;47.392321;8.5259864;AppleDevice;605
F8:04:2E:C2:A3:6D;1669823801252;47.392321;8.5259864;Unknown;606
D6:EC:85:20:3D:71;1669823807829;47.3923124;8.5258877;AppleDevice;607
3F:3B:5C:06:74:DD;1669823812265;47.3923159;8.525876;AppleDevice;608
C0:28:8D:96:F3:D3;1669823800606;47.392321;8.5259864;Unknown;609
0A:4E:E3:98:23:D7;1669823800608;47.392321;8.5259864;AppleDevice;610
1B:B3:F1:71:9D:B8;1669823801282;47.392321;8.5259864;Unknown;611
17:C5:36:B9:BF:0F;1669823801311;47.392321;8.5259864;AppleDevice;612
51:8F:A1:A5:97:95;1669823801173;47.392321;8.5259864;AppleDevice;613
1C:13:E1:B4:48:11;1669823831994;47.3923079;8.5258117;Unknown;614
C8:3D:D7:98:17:DC;1669823840657;47.392304;8.5258372;AppleDevice;615
33:D7:61:CC:3D:92;1669823832711;47.3923055;8.5258282;AppleDevice;616
F3:33:48:DE:B3:96;1669823831967;47.3923079;8.5258117;846B217D0E2433A8E9;617
EC:81:93:67:3F:C8;1669823836342;47.3923055;8.5258282;Unknown;618
36:9C:BF:15:E7:1D;1669823833406;47.3923055;8.5258282;AppleDevice;619
10:40:F3:E5:BE:8C;1669823839960;47.392304;8.5258372;AppleDevice;620
3F:69:5E:B3:9E:59;1669823832004;47.3923079;8.5258117;AppleDevice;621
10:94:97:0C:C0:6D;1669823836325;47.3923055;8.5258282;Unknown;622
04:19:E8:BD:C7:A3;1669823832011;47.3923079;8.5258117;AppleDevice;623
D0:D2:B0:9A:F6:35;1669823841417;47.392304;8.5258372;AppleDevice;624
6F:7E:7B:FC:EE:65;1669823832718;47.3923055;8.5258282;AirPods;625
90:DD:5D:B4:65:DE;1669823834185;47.3923055;8.5258282;AppleDevice;626
44:5C:E9:C9:69:8F;1669823834202;47.3923055;8.5258282;Unknown;627
7E:42:D8:0E:1C:D4;1669823839993;47.392304;8.5258372;Galaxy SmartTag+;628
6B:5E:FE:C8:72:33;1669823833456;47.3923055;8.5258282;Chipolo ONE Spot;629
E0:93:4A:1E:D5:38;1669823836289;47.3923055;8.5258282;RS#211;630
1C:B3:C9:05:A2:A9;1669823832000;47.3923079;8.5258117;AppleDevice;631
06:D7:A1:43:07:48;1669823832704;47.3923055;8.5258282;AppleDevice;632
56:6A:9C:8A:8F:47;1669823832715;47.3923055;8.5258282;AirPods;633
49:1E:3E:74:E0:7B;1669823832693;47.3923055;8.5258282;AppleDevice;634
6C:19:08:41:F7:0C;1669823832707;47.3923055;8.5258282;AppleDevice;635
33:85:7C:B9:D9:87;1669823832683;47.3923055;8.5258282;Unknown;636
64:E7:D8:43:F9:DD;1669823841332;47.392304;8.5258372;Unknown;637
54:75:87:11:5C:48;1669823832032;47.3923079;8.5258117;AppleDevice;638
BC:7E:8B:A6:BA:B3;1669823832025;47.3923079;8.5258117;Unknown;639
EC:81:93:26:66:E5;1669823837865;47.392304;8.5258372;Unknown;640
FC:8F:90:2A:72:A7;1669823832698;47.3923055;8.5258282;Unknown;641
15:F6:B0:B3:1D:15;1669823832022;47.3923079;8.5258117;AppleDevice;642
D4:2D:B8:5F:26:9E;1669823840016;47.392304;8.5258372;AppleDevice;643
D1:00:42:2F:0A:E3;1669823831962;47.3923079;8.5258117;AirPods;644
F1:99:A1:24:20:F0;1669823833468;47.3923055;8.5258282;Mi Smart Band 6;645
61:B3:DF:B9:61:87;1669823834165;47.3923055;8.5258282;AppleDevice;646
90:DD:5D:D4:B8:C0;1669823832736;47.3923055;8.5258282;AppleDevice;647
90:DD:5D:BA:7D:F0;1669823832008;47.3923079;8.5258117;AppleDevice;648
BC:7E:8B:A9:2E:DD;1669823832729;47.3923055;8.5258282;Unknown;649
3D:25:E3:97:81:58;1669823841420;47.392304;8.5258372;AppleDevice;650
D7:9C:88:C6:DA:29;1669823833412;47.3923055;8.5258282;AppleDevice;651
E7:E7:12:F8:A7:EA;1669823830625;47.3923079;8.5258117;846B21EA14EA33A3E9;652
24:FC:E5:82:8A:09;1669823832724;47.3923055;8.5258282;Unknown;653
C0:23:8D:DA:6C:08;1669823834195;47.3923055;8.5258282;Unknown;654
54:81:B7:8E:77:66;1669823836308;47.3923055;8.5258282;AirTag;655
AC:BC:32:62:A5:6F;1669823840011;47.392304;8.5258372;AppleDevice;656
EC:81:93:26:85:3A;1669823831988;47.3923079;8.5258117;Unknown;658
4E:16:CF:77:92:63;1669823835659;47.3923055;8.5258282;AirTag;659
5D:1D:85:15:07:26;1669823830607;47.3923079;8.5258117;AppleDevice;660
04:4B:ED:A8:B4:08;1669823832721;47.3923055;8.5258282;AppleDevice;661
55:EC:B6:BE:80:F7;1669823840005;47.392304;8.5258372;AppleDevice;662
D0:D2:B0:7E:F7:84;1669823833418;47.3923055;8.5258282;AppleDevice;663
F8:04:2E:C2:A3:6D;1669823831978;47.3923079;8.5258117;Unknown;664
D6:EC:85:20:3D:71;1669823834209;47.3923055;8.5258282;AppleDevice;665
3F:3B:5C:06:74:DD;1669823832749;47.3923055;8.5258282;AppleDevice;666
C0:28:8D:96:F3:D3;1669823832015;47.3923079;8.5258117;Unknown;667
0A:4E:E3:98:23:D7;1669823836349;47.3923055;8.5258282;AppleDevice;668
7A:1C:E1:DC:18:28;1669823830621;47.3923079;8.5258117;AirPods;669
17:C5:36:B9:BF:0F;1669823831943;47.3923079;8.5258117;AppleDevice;670
51:8F:A1:A5:97:95;1669823832658;47.3923055;8.5258282;AppleDevice;671
4B:EA:A6:51:9E:7C;1669823833425;47.3923055;8.5258282;AppleDevice;672
FE:43:B6:EB:12:57;1669823868492;47.3922851;8.5258546;AppleDevice;673
F8:9D:D7:39:C1:F1;1669823864886;47.3922881;8.5258496;AirTag;674
C8:3D:D7:98:17:DC;1669823870670;47.3922851;8.5258546;AppleDevice;675
E6:22:2A:8C:42:21;1669823868390;47.3922851;8.5258546;AppleDevice;676
EA:15:3D:95:05:4D;1669823866965;47.3922881;8.5258496;Chipolo ONE Spot;677
D5:E0:79:93:B4:10;1669823865526;47.3922881;8.5258496;AppleDevice;678
10:40:F3:E5:BE:8C;1669823861166;47.3922904;8.5258506;AppleDevice;679
3F:69:5E:B3:9E:59;1669823861935;47.3922904;8.5258506;AppleDevice;680
33:D7:61:CC:3D:92;1669823861234;47.3922904;8.5258506;AppleDevice;681
F4:41:B3:4C:4F:81;1669823864902;47.3922881;8.5258496;AppleDevice;682
04:19:E8:BD:C7:A3;1669823862690;47.3922881;8.5258496;AppleDevice;683
90:DD:5D:B4:65:DE;1669823861940;47.3922904;8.5258506;AppleDevice;684
6F:7E:7B:FC:EE:65;1669823864867;47.3922881;8.5258496;AirPods;685
4A:D6:B4:80:9A:5A;1669823861895;47.3922904;8.5258506;AirPods;686
7E:42:D8:0E:1C:D4;1669823865619;47.3922881;8.5258496;Galaxy SmartTag+;687
6B:5E:FE:C8:72:33;1669823861112;47.3922904;8.5258506;Chipolo ONE Spot;688
44:5C:E9:C9:69:8F;1669823861902;47.3922904;8.5258506;Unknown;689
06:D7:A1:43:07:48;1669823865592;47.3922881;8.5258496;AppleDevice;690
1C:B3:C9:05:A2:A9;1669823869921;47.3922851;8.5258546;AppleDevice;691
56:6A:9C:8A:8F:47;1669823861153;47.3922904;8.5258506;AirPods;692
EC:81:93:26:66:E5;1669823861145;47.3922904;8.5258506;Unknown;693
49:1E:3E:74:E0:7B;1669823862669;47.3922881;8.5258496;AppleDevice;694
6C:19:08:41:F7:0C;1669823861239;47.3922904;8.5258506;AppleDevice;695
3E:2D:98:5A:3A:48;1669823866247;47.3922881;8.5258496;AppleDevice;696
33:85:7C:B9:D9:87;1669823864906;47.3922881;8.5258496;Unknown;697
54:75:87:11:5C:48;1669823861094;47.3922904;8.5258506;AppleDevice;698
64:E7:D8:43:F9:DD;1669823868362;47.3922851;8.5258546;Unknown;699
BC:7E:8B:A6:BA:B3;1669823861129;47.3922904;8.5258506;Unknown;700
50:DE:06:89:6F:1A;1669823869893;47.3922851;8.5258546;AppleDevice;701
FC:8F:90:2A:72:A7;1669823861924;47.3922904;8.5258506;Unknown;702
15:F6:B0:B3:1D:15;1669823861992;47.3922904;8.5258506;AppleDevice;703
D4:2D:B8:5F:26:9E;1669823872069;47.3922851;8.5258546;AppleDevice;704
DB:EE:05:2C:9F:97;1669823870620;47.3922851;8.5258546;Tile;705
3D:25:E3:97:81:58;1669823869881;47.3922851;8.5258546;AppleDevice;706
BC:7E:8B:A9:2E:DD;1669823861997;47.3922904;8.5258506;Unknown;707
90:DD:5D:BA:7D:F0;1669823866912;47.3922881;8.5258496;AppleDevice;708
1C:0E:D0:0C:D4:BB;1669823870580;47.3922851;8.5258546;Unknown;709
E7:E7:12:F8:A7:EA;1669823863341;47.3922881;8.5258496;846B21EA14EA33A3E9;710
24:FC:E5:82:8A:09;1669823862714;47.3922881;8.5258496;Unknown;711
C0:23:8D:DA:6C:08;1669823861060;47.3922904;8.5258506;Unknown;712
38:18:4C:2A:F4:68;1669823864893;47.3922881;8.5258496;LE_WH-1000XM3;713
54:81:B7:8E:77:66;1669823865623;47.3922881;8.5258496;AirTag;714
AC:BC:32:62:A5:6F;1669823861920;47.3922904;8.5258506;AppleDevice;716
09:E6:DA:2C:65:DB;1669823866257;47.3922881;8.5258496;AppleDevice;717
EC:81:93:26:85:3A;1669823861116;47.3922904;8.5258506;Unknown;718
4E:16:CF:77:92:63;1669823866252;47.3922881;8.5258496;AirTag;719
5D:1D:85:15:07:26;1669823866930;47.3922881;8.5258496;AppleDevice;720
0F:8C:8A:6E:35:2A;1669823869897;47.3922851;8.5258546;Unknown;721
D0:D2:B0:7E:F7:84;1669823862685;47.3922881;8.5258496;AppleDevice;722
F8:04:2E:C2:A3:6D;1669823861207;47.3922904;8.5258506;Unknown;723
F5:6B:4D:45:45:A9;1669823870576;47.3922851;8.5258546;AppleDevice;724
04:4B:ED:A8:B4:08;1669823868440;47.3922851;8.5258546;AppleDevice;725
3F:3B:5C:06:74:DD;1669823864851;47.3922881;8.5258496;AppleDevice;726
22:B3:91:09:5F:85;1669823868490;47.3922851;8.5258546;AppleDevice;727
65:74:D6:B2:4E:6C;1669823869134;47.3922851;8.5258546;AirPods;728
C0:28:8D:96:F3:D3;1669823861158;47.3922904;8.5258506;Unknown;729
0A:4E:E3:98:23:D7;1669823865535;47.3922881;8.5258496;AppleDevice;730
4B:EA:A6:51:9E:7C;1669823864832;47.3922881;8.5258496;AppleDevice;731
1B:B3:F1:71:9D:B8;1669823866193;47.3922881;8.5258496;Unknown;732
EC:81:93:EF:ED:07;1669823861978;47.3922904;8.5258506;Unknown;733
0F:6A:12:10:45:47;1669823861137;47.3922904;8.5258506;Unknown;734
51:8F:A1:A5:97:95;1669823861202;47.3922904;8.5258506;AppleDevice;735
C8:3D:D7:98:17:DC;1669823894707;47.3921504;8.5257671;AppleDevice;736
EA:15:3D:95:05:4D;1669823891026;47.3922157;8.5258226;Chipolo ONE Spot;737
10:40:F3:E5:BE:8C;1669823891758;47.3922157;8.5258226;AppleDevice;738
33:D7:61:CC:3D:92;1669823891019;47.3922157;8.5258226;AppleDevice;739
3F:69:5E:B3:9E:59;1669823892544;47.3922157;8.5258226;AppleDevice;740
D0:D2:B0:9A:F6:35;1669823902023;47.3921309;8.5257573;AppleDevice;741
6F:7E:7B:FC:EE:65;1669823891723;47.3922157;8.5258226;AirPods;742
04:19:E8:BD:C7:A3;1669823899108;47.3921309;8.5257573;AppleDevice;743
90:DD:5D:B4:65:DE;1669823892645;47.3922157;8.5258226;AppleDevice;744
4A:D6:B4:80:9A:5A;1669823891839;47.3922157;8.5258226;AirPods;745
54:48:E6:4D:A9:22;1669823891095;47.3922157;8.5258226;Unknown;746
44:5C:E9:C9:69:8F;1669823894019;47.3921504;8.5257671;Unknown;747
7E:42:D8:0E:1C:D4;1669823899200;47.3921309;8.5257573;Galaxy SmartTag+;748
6B:5E:FE:C8:72:33;1669823892567;47.3922157;8.5258226;Chipolo ONE Spot;749
06:D7:A1:43:07:48;1669823891831;47.3922157;8.5258226;AppleDevice;750
1C:B3:C9:05:A2:A9;1669823902110;47.3921309;8.5257573;AppleDevice;751
56:6A:9C:8A:8F:47;1669823891079;47.3922157;8.5258226;AirPods;752
EC:81:93:26:66:E5;1669823891098;47.3922157;8.5258226;Unknown;753
49:1E:3E:74:E0:7B;1669823897729;47.3921504;8.5257671;AppleDevice;754
6C:19:08:41:F7:0C;1669823893966;47.3921504;8.5257671;AppleDevice;755
3E:2D:98:5A:3A:48;1669823891733;47.3922157;8.5258226;AppleDevice;756
46:19:2E:B6:45:B1;1669823899823;47.3921309;8.5257573;AirTag;757
33:85:7C:B9:D9:87;1669823891125;47.3922157;8.5258226;Unknown;758
54:75:87:11:5C:48;1669823892623;47.3922157;8.5258226;AppleDevice;759
BC:7E:8B:A6:BA:B3;1669823891178;47.3922157;8.5258226;Unknown;760
50:DE:06:89:6F:1A;1669823891891;47.3922157;8.5258226;AppleDevice;761
15:F6:B0:B3:1D:15;1669823891071;47.3922157;8.5258226;AppleDevice;762
D4:2D:B8:5F:26:9E;1669823894033;47.3921504;8.5257671;AppleDevice;763
DB:EE:05:2C:9F:97;1669823894057;47.3921504;8.5257671;Tile;764
61:B3:DF:B9:61:87;1669823891105;47.3922157;8.5258226;AppleDevice;765
BC:7E:8B:A9:2E:DD;1669823891114;47.3922157;8.5258226;Unknown;766
90:DD:5D:BA:7D:F0;1669823892555;47.3922157;8.5258226;AppleDevice;767
E7:E7:12:F8:A7:EA;1669823892560;47.3922157;8.5258226;846B21EA14EA33A3E9;768
26:E6:FF:6C:BC:5C;1669823891172;47.3922157;8.5258226;Unknown;769
54:81:B7:8E:77:66;1669823892557;47.3922157;8.5258226;AirTag;770
B0:D2:78:88:30:12;1669823891088;47.3922157;8.5258226;AirPods;771
24:FC:E5:82:8A:09;1669823891157;47.3922157;8.5258226;Unknown;772
EC:81:93:26:85:3A;1669823891727;47.3922157;8.5258226;Unknown;773
D7:9C:88:C6:DA:29;1669823895481;47.3921504;8.5257671;AppleDevice;774
5D:1D:85:15:07:26;1669823891121;47.3922157;8.5258226;AppleDevice;775
38:18:4C:2A:F4:68;1669823892550;47.3922157;8.5258226;LE_WH-1000XM3;776
04:4B:ED:A8:B4:08;1669823901247;47.3921309;8.5257573;AppleDevice;777
C0:23:8D:DA:6C:08;1669823891048;47.3922157;8.5258226;Unknown;778
D6:EC:85:20:3D:71;1669823891842;47.3922157;8.5258226;AppleDevice;779
D0:D2:B0:7E:F7:84;1669823891004;47.3922157;8.5258226;AppleDevice;780
65:74:D6:B2:4E:6C;1669823891077;47.3922157;8.5258226;AirPods;781
F8:04:2E:C2:A3:6D;1669823891122;47.3922157;8.5258226;Unknown;782
5C:DD:A8:4A:3C:B9;1669823893977;47.3921504;8.5257671;AirTag;783
3F:3B:5C:06:74:DD;1669823896125;47.3921504;8.5257671;AppleDevice;784
0F:8C:8A:6E:35:2A;1669823894005;47.3921504;8.5257671;Unknown;785
C0:28:8D:96:F3:D3;1669823891127;47.3922157;8.5258226;Unknown;786
0A:55:FA:D2:AA:6B;1669823902066;47.3921309;8.5257573;AppleDevice;787
0A:4E:E3:98:23:D7;1669823892644;47.3922157;8.5258226;AppleDevice;788
4B:EA:A6:51:9E:7C;1669823891182;47.3922157;8.5258226;AppleDevice;789
1B:B3:F1:71:9D:B8;1669823892546;47.3922157;8.5258226;Unknown;790
17:C5:36:B9:BF:0F;1669823897782;47.3921504;8.5257671;AppleDevice;791
0F:6A:12:10:45:47;1669823891092;47.3922157;8.5258226;Unknown;792
51:8F:A1:A5:97:95;1669823891788;47.3922157;8.5258226;AppleDevice;793
